,value,value
,count,mean
category,,
A,4,11.5
B,3,15.666666666666666
C,3,27.666666666666668
